Workbook

Sheet Sheet2
A3: Row Labels | B3: Average of efficiency_score
A4: Operations | B4: 111.25
A5: Sales | B5: 28.333335
A6: Grand Total | B6: 69.791668

Sheet transactions_day6
A1: transaction_id | B1: employee_id | C1: date | D1: units_processed | E1: errors_made | F1: employee_name | G1: department | H1: error_rate | I1: efficiency_score
A2: 1001 | B2: 1 | C2: 45292 | D2: 120 | E2: 2 | F2: =_xlfn.XLOOKUP(B2, employees_day6!A:A, employees_day6!B:B) -> Thabo | G2: =_xlfn.XLOOKUP(B2, employees_day6!A:A, employees_day6!C:C) -> Sales | H2: =E2/D2 -> 0.016666667 | I2: =D2/(E2+1) -> 40
A3: 1002 | B3: 2 | C3: 45292 | D3: 90 | E3: 5 | F3: =_xlfn.XLOOKUP(B3, employees_day6!A:A, employees_day6!B:B) -> Naledi | G3: =_xlfn.XLOOKUP(B3, employees_day6!A:A, employees_day6!C:C) -> Sales | H3: =E3/D3 -> 0.055555556 | I3: =D3/(E3+1) -> 15
A4: 1003 | B4: 3 | C4: 45292 | D4: 200 | E4: 1 | F4: =_xlfn.XLOOKUP(B4, employees_day6!A:A, employees_day6!B:B) -> Amara | G4: =_xlfn.XLOOKUP(B4, employees_day6!A:A, employees_day6!C:C) -> Operations | H4: =E4/D4 -> 0.005 | I4: =D4/(E4+1) -> 100
A5: 1004 | B5: 4 | C5: 45292 | D5: 180 | E5: 0 | F5: =_xlfn.XLOOKUP(B5, employees_day6!A:A, employees_day6!B:B) -> Kabelo | G5: =_xlfn.XLOOKUP(B5, employees_day6!A:A, employees_day6!C:C) -> Operations | H5: =E5/D5 -> 0 | I5: =D5/(E5+1) -> 180
A6: 1005 | B6: 1 | C6: 45293 | D6: 140 | E6: 3 | F6: =_xlfn.XLOOKUP(B6, employees_day6!A:A, employees_day6!B:B) -> Thabo | G6: =_xlfn.XLOOKUP(B6, employees_day6!A:A, employees_day6!C:C) -> Sales | H6: =E6/D6 -> 0.021428571 | I6: =D6/(E6+1) -> 35
A7: 1006 | B7: 2 | C7: 45293 | D7: 116.6667 | E7: 4 | F7: =_xlfn.XLOOKUP(B7, employees_day6!A:A, employees_day6!B:B) -> Naledi | G7: =_xlfn.XLOOKUP(B7, employees_day6!A:A, employees_day6!C:C) -> Sales | H7: =E7/D7 -> 0.034285704 | I7: =D7/(E7+1) -> 23.33334
A8: 1007 | B8: 3 | C8: 45293 | D8: 210 | E8: 2 | F8: =_xlfn.XLOOKUP(B8, employees_day6!A:A, employees_day6!B:B) -> Amara | G8: =_xlfn.XLOOKUP(B8, employees_day6!A:A, employees_day6!C:C) -> Operations | H8: =E8/D8 -> 0.0095238095 | I8: =D8/(E8+1) -> 70
A9: 1008 | B9: 4 | C9: 45293 | D9: 190 | E9: 1 | F9: =_xlfn.XLOOKUP(B9, employees_day6!A:A, employees_day6!B:B) -> Kabelo | G9: =_xlfn.XLOOKUP(B9, employees_day6!A:A, employees_day6!C:C) -> Operations | H9: =E9/D9 -> 0.0052631579 | I9: =D9/(E9+1) -> 95

Sheet employees_day6
A1: employee_id | B1: employee_name | C1: department
A2: 1 | B2: Thabo | C2: Sales
A3: 2 | B3: Naledi | C3: Sales
A4: 3 | B4: Amara | C4: Operations
A5: 4 | B5: Kabelo | C5: Operations
